location,area_sq_yards,bedrooms,bathrooms,property_type,price_pkr
Korangi,515,7.0,7.0,House,27710000.0
Federal B Area,452,6.0,,House,59254000.0
Federal B Area,571,7.0,6.0,House,69430000.0
Gulshan-e-Iqbal,862,9.0,8.0,Flat,89159000.0
Bahria Town,955,11.0,,Flat,66667000.0
North Nazimabad,920,11.0,10.0,Flat,78952000.0
Gulshan-e-Iqbal,93,1.0,1.0,Flat,24262000.0
Korangi,534,,4.0,House,30118000.0
Malir,160,2.0,1.0,House,18823000.0
Clifton,851,9.0,9.0,Penthouse,340089000.0
Clifton,635,7.0,7.0,House,188023000.0
Malir,375,3.0,2.0,Flat,20245000.0
Korangi,132,1.0,1.0,House,13649000.0
North Nazimabad,144,1.0,1.0,House,34572000.0
DHA,727,7.0,7.0,House,236905000.0
Korangi,120,3.0,3.0,Flat,9482000.0
Clifton,112,1.0,1.0,House,68840000.0
Malir,626,6.0,,House,40890000.0
Malir,722,9.0,8.0,House,46461000.0
DHA,286,4.0,3.0,House,129190000.0
North Nazimabad,770,7.0,,Flat,68022000.0
North Nazimabad,486,6.0,6.0,House,68002000.0
North Nazimabad,115,3.0,2.0,Flat,22240000.0
Clifton,636,7.0,7.0,House,187656000.0
Gulshan-e-Iqbal,107,2.0,2.0,House,36803000.0
Korangi,427,4.0,4.0,Flat,16773000.0
DHA,456,5.0,4.0,House,157253000.0
Malir,756,7.0,7.0,House,46781000.0
Federal B Area,906,9.0,8.0,House,99927000.0
DHA,521,6.0,6.0,House,170138000.0
DHA,692,7.0,7.0,House,223301000.0
DHA,464,6.0,5.0,House,178316000.0
Gulshan-e-Iqbal,809,10.0,10.0,Flat,87456000.0
Federal B Area,916,10.0,,House,101793000.0
Korangi,831,,9.0,Flat,28620000.0
Bahria Town,739,9.0,,House,74687000.0
Bahria Town,590,5.0,5.0,House,63174000.0
Korangi,417,4.0,4.0,House,23702000.0
DHA,230,4.0,3.0,House,116862000.0
Federal B Area,651,6.0,5.0,Penthouse,115955000.0
Malir,731,9.0,9.0,House,47550000.0
Bahria Town,895,10.0,9.0,Flat,60780000.0
Federal B Area,752,8.0,7.0,Flat,59119000.0
Bahria Town,191,2.0,2.0,Flat,21440000.0
North Nazimabad,993,10.0,10.0,Flat,83755000.0
DHA,240,2.0,1.0,House,103916000.0
Gulshan-e-Iqbal,583,5.0,4.0,House,97368000.0
Gulshan-e-Iqbal,962,10.0,10.0,House,141472000.0
Malir,117,3.0,3.0,Flat,11087000.0
Malir,688,8.0,7.0,Flat,31369000.0
Gulshan-e-Iqbal,908,9.0,8.0,House,140920000.0
Gulshan-e-Iqbal,237,2.0,1.0,Flat,37353000.0
Bahria Town,971,11.0,10.0,Flat,65373000.0
Korangi,332,3.0,2.0,Flat,14855000.0
Federal B Area,402,6.0,5.0,Flat,38196000.0
Federal B Area,765,8.0,7.0,Flat,59225000.0
Korangi,718,7.0,6.0,Flat,26296000.0
Bahria Town,325,5.0,5.0,House,41077000.0
Clifton,946,10.0,10.0,House,256076000.0
North Nazimabad,99,1.0,1.0,Flat,18920000.0
Federal B Area,733,8.0,7.0,House,83403000.0
Korangi,933,11.0,11.0,House,45927000.0
Malir,204,2.0,1.0,House,20350000.0
Korangi,133,3.0,2.0,House,13433000.0
Federal B Area,132,2.0,2.0,Flat,22441000.0
Federal B Area,899,8.0,7.0,House,98638000.0
Malir,738,8.0,8.0,House,46238000.0
Clifton,196,2.0,2.0,House,91956000.0
Gulshan-e-Iqbal,720,8.0,7.0,House,110564000.0
Federal B Area,680,6.0,6.0,Flat,55040000.0
North Nazimabad,783,9.0,9.0,House,102544000.0
Federal B Area,514,5.0,4.0,House,66118000.0
Malir,299,3.0,2.0,House,25394000.0
Korangi,691,6.0,5.0,House,36260000.0
Korangi,841,9.0,8.0,House,42874000.0
Clifton,738,8.0,7.0,Flat,149320000.0
North Nazimabad,595,6.0,6.0,Flat,56445000.0
Federal B Area,554,6.0,6.0,Flat,47689000.0
DHA,770,7.0,7.0,Flat,171312000.0
Bahria Town,635,6.0,6.0,House,67504000.0
Malir,977,11.0,11.0,Flat,41272000.0
North Nazimabad,681,7.0,6.0,House,87240000.0
Korangi,275,4.0,4.0,House,18166000.0
DHA,356,3.0,3.0,House,145632000.0
North Nazimabad,536,7.0,6.0,House,77341000.0
DHA,175,3.0,2.0,House,102190000.0
Gulshan-e-Iqbal,448,6.0,,House,81621000.0
DHA,141,1.0,1.0,House,89539000.0
Bahria Town,256,3.0,3.0,Penthouse,52295000.0
Bahria Town,585,7.0,6.0,House,63276000.0
Bahria Town,475,4.0,4.0,Flat,38365000.0
Korangi,188,1.0,1.0,Penthouse,21844000.0
Malir,302,5.0,4.0,Flat,18840000.0
Clifton,571,5.0,5.0,Flat,120708000.0
Malir,732,9.0,8.0,House,46095000.0
North Nazimabad,244,3.0,3.0,House,41686000.0
North Nazimabad,912,11.0,,House,110565000.0
Gulshan-e-Iqbal,149,3.0,,Flat,30818000.0
Malir,246,4.0,3.0,House,23158000.0
North Nazimabad,833,9.0,8.0,Flat,72086000.0
Federal B Area,908,11.0,11.0,House,100718000.0
DHA,270,2.0,2.0,Flat,84816000.0
Malir,196,3.0,2.0,House,19870000.0
Bahria Town,738,7.0,6.0,House,75515000.0
DHA,605,8.0,8.0,Flat,137735000.0
Clifton,815,9.0,8.0,House,231166000.0
North Nazimabad,87,1.0,1.0,House,29625000.0
Gulshan-e-Iqbal,948,9.0,8.0,Penthouse,204237000.0
Malir,224,2.0,1.0,House,20555000.0
North Nazimabad,637,,8.0,Flat,56349000.0
Bahria Town,335,4.0,3.0,Flat,30079000.0
Bahria Town,956,9.0,9.0,House,91707000.0
Malir,144,,3.0,Flat,12278000.0
DHA,933,11.0,11.0,House,283181000.0
DHA,689,6.0,5.0,Flat,156774000.0
Korangi,644,6.0,5.0,Flat,24702000.0
DHA,164,3.0,3.0,Flat,59963000.0
Malir,528,5.0,4.0,Flat,25380000.0
Gulshan-e-Iqbal,174,2.0,1.0,Flat,32698000.0
Bahria Town,385,3.0,2.0,Penthouse,67016000.0
Malir,813,10.0,10.0,House,51064000.0
North Nazimabad,932,10.0,9.0,Flat,81119000.0
Korangi,501,6.0,5.0,Flat,19742000.0
Korangi,938,11.0,11.0,Flat,31892000.0
DHA,245,3.0,3.0,House,115580000.0
DHA,212,2.0,1.0,House,102482000.0
DHA,409,5.0,5.0,House,152890000.0
Bahria Town,831,10.0,10.0,House,80758000.0
Korangi,262,2.0,2.0,Flat,11948000.0
Bahria Town,172,2.0,2.0,House,31010000.0
Bahria Town,868,8.0,7.0,House,83645000.0
DHA,724,7.0,6.0,House,227036000.0
Clifton,157,2.0,2.0,House,74057000.0
Malir,318,4.0,4.0,Flat,17318000.0
North Nazimabad,416,4.0,,House,63303000.0
Korangi,382,5.0,4.0,House,22784000.0
Clifton,107,1.0,1.0,House,65721000.0
Federal B Area,962,11.0,11.0,Flat,70444000.0
Malir,442,5.0,4.0,House,31128000.0
Korangi,271,2.0,2.0,House,18904000.0
Clifton,118,2.0,1.0,House,66184000.0
DHA,604,6.0,5.0,House,197728000.0
DHA,188,2.0,1.0,House,109867000.0
Federal B Area,448,6.0,5.0,House,57197000.0
Malir,771,9.0,9.0,House,49476000.0
DHA,368,3.0,2.0,House,151547000.0
Malir,582,6.0,5.0,Flat,28202000.0
Federal B Area,902,9.0,9.0,House,99106000.0
Korangi,119,3.0,2.0,House,12899000.0
Malir,960,10.0,9.0,Flat,41236000.0
Malir,520,6.0,6.0,Flat,25400000.0
North Nazimabad,405,5.0,4.0,Flat,44846000.0
Gulshan-e-Iqbal,304,3.0,2.0,Flat,43414000.0
Malir,884,9.0,9.0,Flat,39136000.0
North Nazimabad,338,4.0,4.0,House,53503000.0
Gulshan-e-Iqbal,977,9.0,8.0,Flat,98855000.0
DHA,398,5.0,5.0,House,155032000.0
Korangi,498,5.0,5.0,Flat,19976000.0
Malir,315,5.0,5.0,House,26434000.0
Bahria Town,626,6.0,5.0,Flat,45404000.0
Gulshan-e-Iqbal,911,9.0,8.0,Flat,95038000.0
Bahria Town,804,8.0,8.0,House,80066000.0
Malir,489,5.0,5.0,Flat,23923000.0
Federal B Area,374,,3.0,House,52755000.0
Malir,944,9.0,9.0,Flat,40053000.0
Korangi,900,11.0,11.0,House,45341000.0
Malir,658,8.0,8.0,Flat,28995000.0
Gulshan-e-Iqbal,557,7.0,7.0,Flat,66290000.0
Malir,520,7.0,7.0,House,34909000.0
Malir,913,10.0,10.0,Flat,38383000.0
DHA,197,1.0,1.0,House,105685000.0
Gulshan-e-Iqbal,764,8.0,8.0,Flat,80898000.0
Bahria Town,371,5.0,,Flat,32030000.0
Malir,213,4.0,,House,22218000.0
Bahria Town,475,6.0,5.0,House,52597000.0
Federal B Area,403,4.0,3.0,House,53478000.0
Korangi,185,1.0,1.0,House,14918000.0
Malir,375,3.0,2.0,Flat,21036000.0
DHA,893,9.0,9.0,Flat,189079000.0
Korangi,646,8.0,,Flat,23411000.0
Korangi,388,3.0,2.0,House,24377000.0
Korangi,323,3.0,2.0,Flat,14318000.0
Clifton,982,9.0,8.0,House,266756000.0
Gulshan-e-Iqbal,842,10.0,9.0,House,123994000.0
Korangi,259,2.0,2.0,House,19004000.0
Malir,745,8.0,8.0,House,47093000.0
DHA,163,2.0,1.0,House,102133000.0
Federal B Area,640,8.0,8.0,House,72667000.0
Malir,294,3.0,2.0,House,26050000.0
DHA,508,,4.0,Flat,122746000.0
Bahria Town,97,1.0,1.0,House,24320000.0
DHA,193,2.0,1.0,Flat,65273000.0
Gulshan-e-Iqbal,976,11.0,10.0,House,140701000.0
Bahria Town,957,10.0,9.0,Flat,63859000.0
Korangi,555,7.0,6.0,House,31178000.0
Korangi,407,5.0,5.0,Flat,15778000.0
Bahria Town,130,2.0,,House,23567000.0
Malir,367,4.0,4.0,Penthouse,43594000.0
Gulshan-e-Iqbal,244,4.0,3.0,House,53590000.0
Clifton,854,8.0,8.0,Flat,159685000.0
Federal B Area,460,,4.0,Flat,41996000.0
North Nazimabad,995,11.0,10.0,Flat,84868000.0
Bahria Town,550,,4.0,Flat,42544000.0
Bahria Town,579,6.0,5.0,Flat,42220000.0
DHA,793,9.0,8.0,House,249672000.0
Clifton,194,1.0,1.0,Flat,61497000.0
Clifton,316,4.0,4.0,House,108407000.0
Clifton,521,5.0,5.0,Flat,110255000.0
North Nazimabad,154,2.0,1.0,House,35641000.0
Clifton,96,1.0,1.0,House,72024000.0
Gulshan-e-Iqbal,678,8.0,7.0,House,104113000.0
North Nazimabad,900,11.0,10.0,Flat,75727000.0
Clifton,555,,5.0,Penthouse,247824000.0
DHA,898,8.0,7.0,Flat,197242000.0
North Nazimabad,228,2.0,2.0,House,42350000.0
Bahria Town,389,4.0,4.0,Flat,33552000.0
Malir,485,6.0,5.0,House,33392000.0
Gulshan-e-Iqbal,570,5.0,4.0,Penthouse,142726000.0
Bahria Town,561,5.0,5.0,House,59160000.0
DHA,296,2.0,2.0,House,135492000.0
DHA,118,1.0,1.0,Flat,59100000.0
DHA,902,9.0,,House,272528000.0
Federal B Area,295,,2.0,Flat,32056000.0
Federal B Area,789,7.0,6.0,House,91325000.0
Korangi,650,7.0,7.0,Flat,24258000.0
DHA,962,10.0,10.0,Flat,203818000.0
Clifton,302,4.0,,Flat,78097000.0
DHA,605,8.0,7.0,House,201399000.0
Gulshan-e-Iqbal,892,9.0,9.0,House,132595000.0
Korangi,606,6.0,5.0,Flat,22300000.0
DHA,476,5.0,4.0,House,173339000.0
Korangi,818,9.0,8.0,House,40946000.0
Korangi,860,10.0,10.0,Penthouse,64456000.0
Gulshan-e-Iqbal,108,2.0,2.0,House,38078000.0
North Nazimabad,827,10.0,10.0,Flat,73178000.0
DHA,438,4.0,4.0,House,161069000.0
Bahria Town,508,6.0,,House,53623000.0
Federal B Area,784,7.0,6.0,House,86906000.0
Korangi,896,10.0,9.0,Flat,30154000.0
North Nazimabad,459,,5.0,Flat,45745000.0
Malir,423,4.0,4.0,Penthouse,50190000.0
Bahria Town,663,6.0,6.0,House,67044000.0
Bahria Town,572,6.0,6.0,Flat,42095000.0
North Nazimabad,852,9.0,9.0,House,104992000.0
DHA,178,3.0,2.0,House,97657000.0
Clifton,141,1.0,1.0,Flat,60944000.0
Bahria Town,860,8.0,7.0,House,84104000.0
Clifton,346,3.0,2.0,House,114299000.0
Gulshan-e-Iqbal,620,6.0,6.0,Flat,70080000.0
Clifton,203,4.0,,House,91165000.0
North Nazimabad,255,2.0,1.0,House,43818000.0
DHA,193,1.0,1.0,House,98209000.0
Bahria Town,777,9.0,9.0,House,79958000.0
Malir,295,4.0,3.0,Flat,17899000.0
DHA,650,8.0,8.0,Flat,150170000.0
Clifton,435,6.0,6.0,Flat,100742000.0
Korangi,212,3.0,3.0,House,16184000.0
Gulshan-e-Iqbal,337,4.0,4.0,House,63356000.0
Korangi,303,3.0,3.0,House,19921000.0
Clifton,779,7.0,7.0,House,213703000.0
Bahria Town,493,5.0,5.0,House,54370000.0
Korangi,301,3.0,3.0,Flat,13843000.0
Gulshan-e-Iqbal,943,9.0,8.0,House,139386000.0
Malir,553,7.0,6.0,Flat,25932000.0
Federal B Area,766,,9.0,House,87601000.0
Malir,958,11.0,10.0,Flat,40162000.0
Clifton,617,6.0,6.0,House,180232000.0
Korangi,350,5.0,5.0,Flat,14714000.0
Gulshan-e-Iqbal,879,9.0,9.0,House,131090000.0
DHA,461,4.0,4.0,Flat,113701000.0
North Nazimabad,163,3.0,3.0,House,33249000.0
Gulshan-e-Iqbal,606,7.0,7.0,House,95990000.0
DHA,872,10.0,9.0,House,270512000.0
DHA,736,7.0,7.0,House,242604000.0
Bahria Town,765,7.0,6.0,House,75645000.0
Federal B Area,907,10.0,10.0,House,99672000.0
Korangi,232,2.0,1.0,House,16139000.0
Gulshan-e-Iqbal,910,10.0,9.0,House,135715000.0
Clifton,423,4.0,3.0,House,139394000.0
Malir,399,4.0,3.0,Penthouse,44864000.0
Malir,623,7.0,7.0,House,42365000.0
Malir,770,7.0,7.0,House,49242000.0
Malir,751,7.0,6.0,Flat,33275000.0
Clifton,944,10.0,10.0,House,250956000.0
North Nazimabad,668,7.0,6.0,House,86442000.0
Malir,201,3.0,3.0,House,19318000.0
Korangi,507,7.0,7.0,House,28500000.0
Malir,152,3.0,3.0,House,16801000.0
Clifton,795,8.0,7.0,House,221670000.0
Bahria Town,462,,6.0,Flat,37088000.0
Gulshan-e-Iqbal,469,6.0,6.0,House,80785000.0
Clifton,93,2.0,1.0,House,71388000.0
Korangi,603,8.0,8.0,Flat,21906000.0
Bahria Town,891,9.0,,Flat,59840000.0
Malir,628,8.0,8.0,House,40272000.0
Korangi,286,2.0,2.0,House,19891000.0
Malir,804,8.0,7.0,Flat,35793000.0
Malir,611,7.0,7.0,House,41423000.0
DHA,499,5.0,5.0,Flat,122035000.0
Malir,374,4.0,4.0,House,28327000.0
Malir,716,7.0,7.0,House,46333000.0
Clifton,599,6.0,6.0,Flat,119797000.0
Malir,413,5.0,5.0,House,28040000.0
Malir,907,9.0,9.0,House,55729000.0
Korangi,163,3.0,3.0,Penthouse,20393000.0
Clifton,242,2.0,2.0,House,99677000.0
Federal B Area,539,7.0,6.0,House,63709000.0
Clifton,684,7.0,6.0,Flat,135978000.0
DHA,212,2.0,,House,106245000.0
Gulshan-e-Iqbal,363,3.0,3.0,Flat,45556000.0
North Nazimabad,283,4.0,4.0,House,50729000.0
Bahria Town,995,10.0,9.0,House,94466000.0
Korangi,372,3.0,3.0,House,22775000.0
DHA,770,8.0,7.0,House,237325000.0
North Nazimabad,321,3.0,3.0,House,52379000.0
Korangi,506,,6.0,Flat,20021000.0
Gulshan-e-Iqbal,230,4.0,3.0,Penthouse,75381000.0
DHA,855,8.0,7.0,House,266971000.0
Korangi,165,3.0,2.0,House,15244000.0
Malir,193,2.0,2.0,Flat,12902000.0
Korangi,823,8.0,7.0,Flat,28419000.0
DHA,226,4.0,3.0,Flat,75527000.0
Federal B Area,148,2.0,1.0,Flat,19592000.0
Korangi,664,6.0,6.0,Penthouse,52972000.0
North Nazimabad,664,8.0,7.0,Flat,60113000.0
Malir,573,6.0,6.0,Flat,26700000.0
Clifton,476,6.0,6.0,House,148381000.0
Malir,534,5.0,5.0,House,38076000.0
Gulshan-e-Iqbal,790,7.0,7.0,House,114751000.0
Federal B Area,576,7.0,6.0,House,71769000.0
Bahria Town,946,10.0,9.0,House,91357000.0
North Nazimabad,873,9.0,,Flat,73641000.0
North Nazimabad,233,4.0,4.0,Flat,28027000.0
Malir,893,9.0,8.0,Penthouse,82231000.0
North Nazimabad,100,1.0,1.0,Flat,22063000.0
Korangi,403,4.0,4.0,House,24345000.0
Clifton,413,5.0,5.0,Flat,89769000.0
Gulshan-e-Iqbal,370,4.0,3.0,Flat,48408000.0
Clifton,668,8.0,8.0,Flat,131277000.0
Clifton,118,,1.0,Flat,48964000.0
Federal B Area,320,4.0,4.0,Flat,30753000.0
Gulshan-e-Iqbal,455,4.0,3.0,House,80701000.0
North Nazimabad,966,9.0,8.0,House,117095000.0
Clifton,457,,4.0,Flat,108967000.0
Federal B Area,799,8.0,7.0,Flat,60898000.0
Gulshan-e-Iqbal,246,3.0,3.0,House,55458000.0
Gulshan-e-Iqbal,518,7.0,6.0,Flat,58934000.0
Korangi,740,,6.0,House,37848000.0
Korangi,498,5.0,5.0,House,28691000.0
North Nazimabad,520,6.0,6.0,Penthouse,114632000.0
Bahria Town,342,4.0,4.0,Flat,28808000.0
DHA,538,7.0,6.0,House,192696000.0
Bahria Town,659,8.0,8.0,House,68573000.0
Federal B Area,820,8.0,7.0,House,94731000.0
Federal B Area,432,4.0,4.0,Flat,38998000.0
Gulshan-e-Iqbal,596,7.0,6.0,House,93460000.0
Malir,791,7.0,6.0,House,50013000.0
Malir,209,4.0,3.0,Flat,15797000.0
DHA,882,9.0,8.0,House,269198000.0
North Nazimabad,924,9.0,9.0,Flat,81098000.0
Korangi,287,4.0,3.0,House,18235000.0
Federal B Area,987,11.0,10.0,House,103551000.0
Korangi,427,4.0,4.0,Flat,18041000.0
Gulshan-e-Iqbal,485,5.0,,Flat,59577000.0
DHA,863,8.0,7.0,House,259559000.0
Korangi,193,1.0,1.0,House,15740000.0
Clifton,840,9.0,9.0,Flat,155076000.0
Clifton,390,4.0,4.0,Flat,93160000.0
Korangi,421,6.0,6.0,House,23245000.0
Clifton,508,7.0,6.0,Flat,113570000.0
Malir,541,6.0,6.0,House,37618000.0
Bahria Town,657,8.0,7.0,House,68459000.0
Malir,867,9.0,,House,54062000.0
DHA,243,4.0,3.0,House,111351000.0
Federal B Area,901,11.0,11.0,Flat,68713000.0
North Nazimabad,196,2.0,1.0,House,41464000.0
Gulshan-e-Iqbal,616,6.0,6.0,House,98650000.0
Clifton,907,11.0,10.0,House,244230000.0
Bahria Town,333,5.0,5.0,House,39155000.0
Clifton,857,8.0,7.0,House,239194000.0
Clifton,332,5.0,5.0,House,111309000.0
North Nazimabad,408,5.0,4.0,House,62564000.0
Federal B Area,479,6.0,5.0,Flat,42797000.0
Korangi,459,4.0,3.0,Flat,18044000.0
Malir,310,5.0,4.0,Flat,18464000.0
Bahria Town,598,7.0,6.0,House,63850000.0
Korangi,820,10.0,9.0,House,41135000.0
North Nazimabad,325,4.0,4.0,House,52296000.0
Korangi,905,9.0,9.0,Flat,31196000.0
North Nazimabad,292,2.0,1.0,House,46813000.0
Federal B Area,243,4.0,4.0,House,37372000.0
Federal B Area,262,2.0,1.0,House,40208000.0
Clifton,643,8.0,8.0,Flat,132829000.0
North Nazimabad,501,6.0,6.0,Penthouse,101435000.0
DHA,184,1.0,1.0,Flat,68220000.0
Federal B Area,108,1.0,1.0,Flat,18483000.0
Federal B Area,311,4.0,3.0,Flat,34911000.0
Federal B Area,158,,1.0,House,31130000.0
North Nazimabad,546,5.0,5.0,Flat,51374000.0
North Nazimabad,514,7.0,6.0,House,71248000.0
Gulshan-e-Iqbal,356,5.0,4.0,Flat,46058000.0
Korangi,578,7.0,7.0,House,29302000.0
North Nazimabad,429,4.0,4.0,Flat,42913000.0
Federal B Area,1000,10.0,9.0,Flat,75418000.0
Bahria Town,640,6.0,6.0,Penthouse,97362000.0
Korangi,269,4.0,3.0,House,18056000.0
Gulshan-e-Iqbal,731,7.0,7.0,Flat,77135000.0
Federal B Area,367,4.0,4.0,House,50909000.0
DHA,481,6.0,5.0,House,167276000.0
DHA,705,8.0,7.0,House,219844000.0
North Nazimabad,251,2.0,2.0,Flat,31865000.0
Malir,710,9.0,9.0,House,45335000.0
Korangi,609,7.0,6.0,Flat,21957000.0
Malir,726,9.0,8.0,House,46906000.0
Federal B Area,677,6.0,6.0,House,77439000.0
North Nazimabad,292,4.0,3.0,Flat,35713000.0
Korangi,542,5.0,4.0,House,30671000.0
North Nazimabad,432,6.0,6.0,House,63243000.0
Korangi,492,4.0,3.0,House,27810000.0
Federal B Area,441,5.0,4.0,Flat,39304000.0
Gulshan-e-Iqbal,340,5.0,4.0,Flat,45438000.0
Clifton,570,5.0,4.0,Flat,121202000.0
Malir,310,3.0,3.0,House,27045000.0
Malir,313,4.0,3.0,House,26595000.0
DHA,93,2.0,1.0,House,77385000.0
Korangi,149,3.0,3.0,House,14598000.0
Korangi,460,5.0,,House,27369000.0
Malir,548,6.0,5.0,House,38019000.0
Clifton,117,1.0,1.0,House,68967000.0
Korangi,595,5.0,4.0,Flat,22029000.0
North Nazimabad,415,5.0,4.0,Flat,44078000.0
Clifton,994,11.0,10.0,Flat,181447000.0
DHA,398,4.0,4.0,Flat,108556000.0
Federal B Area,98,1.0,1.0,House,25651000.0
DHA,262,2.0,2.0,Flat,78616000.0
Korangi,904,10.0,10.0,House,43111000.0
Malir,339,5.0,4.0,Penthouse,38433000.0
Gulshan-e-Iqbal,154,3.0,3.0,Penthouse,65161000.0
North Nazimabad,584,7.0,7.0,Flat,55379000.0
Malir,333,4.0,4.0,Flat,18689000.0
Bahria Town,956,9.0,9.0,House,90863000.0
Gulshan-e-Iqbal,128,1.0,1.0,Flat,29177000.0
Gulshan-e-Iqbal,661,8.0,7.0,Flat,72172000.0
Federal B Area,392,4.0,,House,53535000.0
Gulshan-e-Iqbal,443,4.0,3.0,House,79148000.0
Federal B Area,955,10.0,9.0,House,102918000.0
Korangi,242,3.0,2.0,House,18389000.0
Korangi,697,6.0,6.0,House,35326000.0
DHA,892,8.0,7.0,House,278265000.0
Bahria Town,598,6.0,6.0,House,65890000.0
Federal B Area,839,10.0,10.0,House,91596000.0
Gulshan-e-Iqbal,967,10.0,10.0,House,141385000.0
North Nazimabad,161,1.0,1.0,House,36992000.0
Bahria Town,936,9.0,8.0,Penthouse,133238000.0
North Nazimabad,504,6.0,6.0,House,68754000.0
Federal B Area,652,6.0,,House,76384000.0
Bahria Town,760,8.0,7.0,House,76159000.0
Clifton,656,7.0,7.0,House,195752000.0
Malir,191,3.0,3.0,Flat,13544000.0
Gulshan-e-Iqbal,423,6.0,5.0,House,75406000.0
Bahria Town,729,7.0,6.0,House,70120000.0
Gulshan-e-Iqbal,957,10.0,10.0,House,139749000.0
North Nazimabad,158,2.0,1.0,Flat,24651000.0
Korangi,145,1.0,1.0,House,12549000.0
Federal B Area,123,2.0,,Flat,20122000.0
DHA,458,5.0,5.0,Flat,126326000.0
Bahria Town,858,8.0,7.0,House,83810000.0
Federal B Area,646,6.0,6.0,House,73551000.0
Malir,183,2.0,1.0,House,16390000.0
Federal B Area,466,4.0,4.0,Flat,43298000.0
Bahria Town,119,3.0,2.0,House,28336000.0
Federal B Area,971,11.0,11.0,House,105719000.0
Malir,445,4.0,4.0,House,32274000.0
North Nazimabad,612,7.0,7.0,House,84024000.0
Gulshan-e-Iqbal,181,3.0,3.0,House,47695000.0
Gulshan-e-Iqbal,745,,7.0,Flat,78728000.0
North Nazimabad,555,6.0,5.0,Flat,53229000.0
Gulshan-e-Iqbal,456,6.0,,Flat,56336000.0
Gulshan-e-Iqbal,536,7.0,6.0,House,89092000.0
Clifton,356,4.0,3.0,Flat,79268000.0
Bahria Town,771,8.0,7.0,Flat,53938000.0
Korangi,255,3.0,3.0,Flat,12976000.0
Bahria Town,941,9.0,8.0,House,90337000.0
Bahria Town,327,5.0,5.0,House,41363000.0
Gulshan-e-Iqbal,203,3.0,3.0,House,48799000.0
Korangi,270,2.0,2.0,Flat,12827000.0
North Nazimabad,381,3.0,3.0,Flat,41150000.0
Gulshan-e-Iqbal,924,11.0,10.0,Flat,95501000.0
Malir,330,4.0,3.0,House,24939000.0
Malir,626,8.0,7.0,Flat,27910000.0
Bahria Town,675,7.0,6.0,Penthouse,103389000.0
Malir,162,2.0,2.0,Flat,12458000.0
Bahria Town,792,9.0,9.0,House,79865000.0
Korangi,477,5.0,5.0,House,28725000.0
Federal B Area,544,7.0,7.0,House,63567000.0
Bahria Town,413,5.0,5.0,House,47596000.0
Gulshan-e-Iqbal,855,9.0,9.0,Penthouse,190061000.0
Korangi,774,7.0,6.0,Flat,27717000.0
Malir,347,3.0,2.0,Flat,19194000.0
Bahria Town,763,7.0,7.0,House,77783000.0
North Nazimabad,984,9.0,8.0,House,120350000.0
Korangi,503,6.0,5.0,House,28521000.0
Korangi,952,10.0,9.0,Flat,31703000.0
Malir,867,8.0,8.0,Flat,37017000.0
Korangi,534,5.0,5.0,Flat,20349000.0
Clifton,241,4.0,4.0,Penthouse,143637000.0
Federal B Area,166,2.0,2.0,House,34572000.0
Malir,809,10.0,9.0,House,50235000.0
Clifton,528,7.0,6.0,House,154793000.0
Federal B Area,828,8.0,8.0,House,87852000.0
DHA,381,5.0,5.0,House,142825000.0
Federal B Area,397,4.0,4.0,House,55126000.0
DHA,856,8.0,7.0,House,261096000.0
Bahria Town,262,2.0,2.0,House,37241000.0
Bahria Town,573,7.0,6.0,Flat,41844000.0
North Nazimabad,188,1.0,1.0,House,35773000.0
Clifton,182,1.0,1.0,Flat,62082000.0
Clifton,403,5.0,5.0,House,136068000.0
Clifton,564,5.0,5.0,House,168130000.0
Bahria Town,734,7.0,7.0,House,72239000.0
North Nazimabad,184,1.0,1.0,House,40018000.0
Bahria Town,197,,1.0,House,31218000.0
Bahria Town,163,1.0,1.0,Flat,21026000.0
Malir,375,4.0,4.0,Flat,20658000.0
Gulshan-e-Iqbal,498,6.0,5.0,Flat,57869000.0
Malir,128,3.0,3.0,House,16297000.0
Federal B Area,584,7.0,6.0,House,70257000.0
North Nazimabad,454,4.0,4.0,Flat,44873000.0
Malir,267,4.0,3.0,House,22788000.0
DHA,142,3.0,2.0,Flat,55200000.0
Federal B Area,904,11.0,10.0,House,99219000.0
North Nazimabad,86,1.0,1.0,Flat,19536000.0
Korangi,227,3.0,2.0,House,17262000.0
Korangi,558,7.0,6.0,House,28627000.0
DHA,885,9.0,9.0,House,271786000.0
DHA,956,10.0,10.0,House,294983000.0
Federal B Area,522,6.0,6.0,House,62973000.0
Bahria Town,527,7.0,6.0,House,57307000.0
Malir,906,10.0,10.0,Flat,38682000.0
North Nazimabad,249,2.0,2.0,Flat,29780000.0
Gulshan-e-Iqbal,865,9.0,8.0,Penthouse,187426000.0
DHA,384,3.0,2.0,House,138569000.0
North Nazimabad,458,5.0,4.0,Flat,45453000.0
Clifton,576,5.0,,Flat,123417000.0
North Nazimabad,379,3.0,2.0,House,58242000.0
North Nazimabad,562,5.0,5.0,Flat,55104000.0
Gulshan-e-Iqbal,514,6.0,5.0,House,88456000.0
Federal B Area,841,10.0,10.0,Flat,66660000.0
Federal B Area,363,4.0,4.0,House,51489000.0
Bahria Town,196,2.0,2.0,House,31821000.0
Korangi,219,2.0,1.0,House,16217000.0
Malir,608,8.0,8.0,House,40476000.0
Gulshan-e-Iqbal,827,10.0,9.0,House,124110000.0
Bahria Town,496,5.0,4.0,House,57142000.0
Bahria Town,794,7.0,7.0,Flat,54731000.0
Bahria Town,161,3.0,3.0,Flat,20224000.0
Gulshan-e-Iqbal,982,11.0,11.0,Flat,102028000.0
Bahria Town,916,9.0,9.0,Flat,61581000.0
Korangi,799,7.0,6.0,Flat,29226000.0
DHA,743,9.0,8.0,House,238050000.0
Malir,382,5.0,5.0,House,30309000.0
Federal B Area,980,,9.0,Flat,72526000.0
Bahria Town,273,3.0,2.0,House,36506000.0
Gulshan-e-Iqbal,493,6.0,5.0,House,81979000.0
Federal B Area,850,9.0,9.0,Penthouse,144711000.0
Bahria Town,437,5.0,4.0,House,52781000.0
Clifton,825,9.0,8.0,Flat,158120000.0
Federal B Area,190,,2.0,Flat,22532000.0
Bahria Town,983,11.0,11.0,House,92457000.0
Korangi,644,8.0,8.0,House,33383000.0
Malir,516,7.0,7.0,Flat,26097000.0
Federal B Area,525,6.0,5.0,Flat,45072000.0
Malir,643,7.0,6.0,House,42575000.0
North Nazimabad,487,6.0,5.0,House,73137000.0
Gulshan-e-Iqbal,284,4.0,4.0,House,59646000.0
Clifton,839,9.0,9.0,House,231504000.0
Gulshan-e-Iqbal,640,7.0,6.0,Flat,70164000.0
Federal B Area,897,8.0,7.0,House,98758000.0
DHA,911,9.0,9.0,House,274459000.0
Bahria Town,753,8.0,8.0,Flat,52349000.0
Bahria Town,256,4.0,4.0,House,36385000.0
Korangi,297,2.0,2.0,Flat,13821000.0
DHA,711,,7.0,Flat,156477000.0
North Nazimabad,615,8.0,,Flat,57625000.0
DHA,685,,7.0,Penthouse,330485000.0
DHA,180,2.0,1.0,House,86295000.0
Federal B Area,632,7.0,7.0,House,73087000.0
Gulshan-e-Iqbal,534,,,House,88926000.0
North Nazimabad,179,1.0,1.0,House,37107000.0
Federal B Area,179,1.0,1.0,Flat,24485000.0
Clifton,984,10.0,10.0,House,263174000.0
Gulshan-e-Iqbal,228,3.0,2.0,House,50105000.0
North Nazimabad,331,3.0,2.0,Flat,37329000.0
North Nazimabad,123,3.0,3.0,Flat,22175000.0
North Nazimabad,756,9.0,9.0,Flat,67167000.0
Malir,96,1.0,1.0,House,14882000.0
Bahria Town,488,5.0,5.0,House,54074000.0
Gulshan-e-Iqbal,863,10.0,10.0,House,129928000.0
Clifton,874,10.0,9.0,House,233846000.0
North Nazimabad,213,4.0,3.0,House,41572000.0
DHA,112,1.0,1.0,House,73767000.0
Federal B Area,634,6.0,5.0,House,76376000.0
Gulshan-e-Iqbal,702,7.0,7.0,Flat,77378000.0
Federal B Area,124,2.0,2.0,House,32658000.0
Bahria Town,568,5.0,5.0,House,60665000.0
Gulshan-e-Iqbal,297,3.0,2.0,Flat,43561000.0
North Nazimabad,903,11.0,10.0,House,110342000.0
DHA,608,8.0,7.0,House,203154000.0
Clifton,520,5.0,5.0,House,165167000.0
North Nazimabad,535,7.0,7.0,Flat,52231000.0
Bahria Town,912,10.0,9.0,House,88918000.0
Korangi,568,6.0,5.0,Flat,21371000.0
Clifton,84,1.0,1.0,Penthouse,84616000.0
Bahria Town,817,10.0,9.0,House,80337000.0
North Nazimabad,637,7.0,6.0,House,83320000.0
Clifton,381,3.0,3.0,House,127211000.0
Malir,597,7.0,6.0,Flat,26898000.0
Federal B Area,410,4.0,3.0,Flat,38094000.0
Gulshan-e-Iqbal,571,5.0,4.0,House,89525000.0
Korangi,949,10.0,9.0,Penthouse,69495000.0
Gulshan-e-Iqbal,699,8.0,7.0,House,109945000.0
Federal B Area,557,7.0,,Flat,47715000.0
Korangi,672,7.0,7.0,House,35066000.0
DHA,500,6.0,5.0,House,168984000.0
Federal B Area,235,3.0,2.0,House,40282000.0
Korangi,535,7.0,6.0,House,28384000.0
DHA,428,5.0,4.0,House,167499000.0
Federal B Area,326,5.0,4.0,Penthouse,70343000.0
Federal B Area,680,6.0,,Flat,54622000.0
DHA,438,,5.0,House,166107000.0
Clifton,764,9.0,,Flat,150436000.0
Clifton,848,9.0,8.0,Flat,157116000.0
Gulshan-e-Iqbal,934,9.0,9.0,House,133264000.0
DHA,357,4.0,3.0,House,139413000.0
North Nazimabad,659,8.0,8.0,House,82820000.0
Clifton,962,,11.0,House,265565000.0
Korangi,406,5.0,4.0,Flat,16791000.0
Gulshan-e-Iqbal,478,5.0,4.0,House,85118000.0
Federal B Area,632,7.0,6.0,Flat,53356000.0
Bahria Town,915,10.0,10.0,Flat,60034000.0
DHA,786,9.0,8.0,Flat,170265000.0
Korangi,260,4.0,4.0,House,19371000.0
Malir,260,2.0,2.0,Penthouse,35535000.0
Korangi,694,7.0,7.0,House,33713000.0
Bahria Town,463,4.0,4.0,House,53866000.0
Clifton,621,7.0,7.0,Flat,129719000.0
Bahria Town,285,4.0,3.0,House,37262000.0
Federal B Area,583,6.0,6.0,House,68987000.0
Federal B Area,832,9.0,8.0,House,90558000.0
Clifton,846,9.0,9.0,House,223022000.0
Federal B Area,89,2.0,2.0,House,21977000.0
North Nazimabad,181,1.0,1.0,Flat,26259000.0
Bahria Town,883,9.0,8.0,House,85567000.0
Korangi,970,10.0,10.0,House,47159000.0
Clifton,246,3.0,3.0,House,97240000.0
DHA,220,3.0,2.0,Flat,76798000.0
North Nazimabad,594,7.0,7.0,Flat,56016000.0
DHA,928,11.0,10.0,House,279756000.0
Federal B Area,943,,11.0,Flat,71111000.0
Federal B Area,157,2.0,2.0,Penthouse,52095000.0
North Nazimabad,838,10.0,9.0,House,105348000.0
DHA,247,4.0,4.0,House,106743000.0
Bahria Town,415,5.0,5.0,Penthouse,71765000.0
Federal B Area,970,11.0,10.0,Flat,74049000.0
Korangi,531,6.0,6.0,House,28049000.0
Federal B Area,598,6.0,5.0,Flat,51553000.0
Clifton,863,8.0,,House,234982000.0
North Nazimabad,410,4.0,4.0,House,61204000.0
Malir,176,1.0,1.0,House,19809000.0
DHA,397,,3.0,House,148323000.0
Malir,276,3.0,3.0,Flat,16775000.0
Malir,294,4.0,3.0,Flat,17262000.0
Federal B Area,483,5.0,5.0,Penthouse,89603000.0
Clifton,653,6.0,5.0,House,184353000.0
Malir,649,6.0,5.0,Flat,29554000.0
DHA,810,8.0,7.0,House,247879000.0
Bahria Town,857,9.0,8.0,House,86118000.0
Malir,101,2.0,2.0,House,15169000.0
Bahria Town,748,9.0,8.0,House,77489000.0
Clifton,493,4.0,3.0,Flat,105444000.0
Malir,798,8.0,8.0,House,48245000.0
Bahria Town,587,6.0,6.0,House,65165000.0
Bahria Town,233,4.0,3.0,Flat,25811000.0
North Nazimabad,970,10.0,9.0,Flat,80531000.0
DHA,363,5.0,5.0,House,133838000.0
Bahria Town,976,10.0,9.0,Flat,66774000.0
Malir,697,7.0,7.0,House,44019000.0
Bahria Town,133,2.0,2.0,Flat,18680000.0
North Nazimabad,206,2.0,2.0,Flat,28910000.0
Clifton,994,9.0,9.0,Flat,185514000.0
Clifton,291,2.0,2.0,House,111662000.0
Gulshan-e-Iqbal,126,3.0,3.0,House,37299000.0
North Nazimabad,378,4.0,4.0,Flat,42847000.0
Clifton,685,8.0,7.0,Flat,136042000.0
Korangi,354,4.0,,Flat,14489000.0
DHA,967,11.0,10.0,House,291476000.0
Malir,569,7.0,7.0,House,37074000.0
Gulshan-e-Iqbal,875,8.0,7.0,Flat,90406000.0
Clifton,647,7.0,7.0,Flat,129814000.0
Malir,759,8.0,7.0,House,49313000.0
Korangi,171,3.0,2.0,House,14842000.0
Gulshan-e-Iqbal,293,4.0,4.0,House,53405000.0
Federal B Area,915,11.0,10.0,House,99124000.0
DHA,464,5.0,4.0,House,161491000.0
North Nazimabad,724,9.0,8.0,House,94112000.0
Gulshan-e-Iqbal,148,1.0,1.0,Flat,31608000.0
Bahria Town,391,3.0,3.0,House,43846000.0
Federal B Area,232,2.0,2.0,House,39516000.0
Korangi,943,9.0,8.0,House,46175000.0
Federal B Area,176,1.0,1.0,Flat,25241000.0
Malir,188,2.0,2.0,Flat,12600000.0
DHA,155,3.0,2.0,Flat,62175000.0
DHA,974,9.0,9.0,House,287985000.0
Malir,451,,5.0,House,32909000.0
DHA,326,4.0,3.0,House,132061000.0
DHA,717,9.0,8.0,Flat,166581000.0
Malir,713,8.0,8.0,House,44870000.0
Bahria Town,285,4.0,4.0,House,37368000.0
Korangi,226,4.0,4.0,House,17999000.0
DHA,560,7.0,7.0,Flat,130235000.0
Korangi,528,5.0,4.0,House,28626000.0
North Nazimabad,318,3.0,2.0,Flat,34774000.0
Federal B Area,396,4.0,4.0,House,52028000.0
North Nazimabad,873,8.0,8.0,House,106484000.0
DHA,182,1.0,1.0,House,94002000.0
North Nazimabad,466,6.0,6.0,Flat,46550000.0
Federal B Area,873,8.0,8.0,Flat,67953000.0
Federal B Area,504,7.0,6.0,House,66526000.0
DHA,278,3.0,3.0,Flat,79033000.0
Bahria Town,218,2.0,1.0,House,32136000.0
Federal B Area,737,8.0,7.0,House,84253000.0
DHA,951,11.0,10.0,House,288040000.0
DHA,764,8.0,8.0,House,244933000.0
North Nazimabad,714,8.0,,House,85573000.0
Bahria Town,773,9.0,8.0,House,77897000.0
Gulshan-e-Iqbal,963,11.0,,House,144284000.0
Federal B Area,938,9.0,9.0,House,104418000.0
Gulshan-e-Iqbal,561,5.0,4.0,House,91308000.0
DHA,215,2.0,1.0,Flat,77649000.0
Clifton,579,5.0,5.0,Flat,113707000.0
Federal B Area,123,1.0,1.0,Flat,19441000.0
North Nazimabad,521,5.0,4.0,Flat,51210000.0
Bahria Town,868,8.0,8.0,Flat,59931000.0
Clifton,923,10.0,10.0,Flat,174620000.0
Malir,607,6.0,,Flat,27804000.0
Malir,795,8.0,7.0,Flat,34119000.0
Federal B Area,672,8.0,7.0,House,76607000.0
Malir,815,8.0,7.0,House,50990000.0
DHA,318,3.0,3.0,House,136099000.0
Federal B Area,235,2.0,1.0,House,40459000.0
Bahria Town,947,11.0,11.0,House,91681000.0
Gulshan-e-Iqbal,948,9.0,8.0,House,140081000.0
North Nazimabad,654,8.0,8.0,House,84277000.0
Federal B Area,893,,8.0,House,95555000.0
Federal B Area,445,4.0,4.0,Penthouse,86185000.0
Malir,993,10.0,9.0,House,60382000.0
Malir,972,10.0,10.0,Penthouse,89035000.0
Bahria Town,430,6.0,5.0,House,50319000.0
DHA,882,10.0,9.0,House,270303000.0
Korangi,587,5.0,5.0,House,31372000.0
Korangi,541,7.0,7.0,House,29832000.0
Clifton,434,6.0,5.0,House,142659000.0
North Nazimabad,217,2.0,2.0,Flat,28258000.0
Clifton,153,1.0,1.0,House,77899000.0
Federal B Area,290,3.0,3.0,Flat,30474000.0
Korangi,394,3.0,3.0,House,24527000.0
Clifton,979,10.0,10.0,House,259836000.0
Federal B Area,986,9.0,8.0,House,108764000.0
Malir,801,10.0,10.0,Penthouse,74296000.0
Malir,537,6.0,6.0,Flat,25902000.0
Korangi,339,4.0,3.0,House,20491000.0
DHA,172,2.0,1.0,House,91054000.0
Clifton,191,2.0,1.0,House,78051000.0
Federal B Area,169,2.0,2.0,House,29519000.0
North Nazimabad,821,10.0,9.0,House,100805000.0
Bahria Town,229,2.0,1.0,House,33648000.0
DHA,719,8.0,7.0,House,222809000.0
Federal B Area,124,3.0,3.0,Flat,21214000.0
Bahria Town,260,2.0,2.0,House,36172000.0
North Nazimabad,313,3.0,3.0,Flat,36181000.0
DHA,343,3.0,3.0,House,133980000.0
DHA,143,2.0,1.0,House,81431000.0
Malir,602,7.0,6.0,House,39704000.0
Clifton,437,5.0,4.0,House,147293000.0
North Nazimabad,163,3.0,2.0,House,36176000.0
Federal B Area,983,9.0,,House,107333000.0
Clifton,118,1.0,1.0,Penthouse,96889000.0
Clifton,165,3.0,2.0,House,75450000.0
Korangi,935,,9.0,House,43866000.0
Federal B Area,565,6.0,5.0,House,68580000.0
Federal B Area,434,6.0,6.0,House,56771000.0
Korangi,185,1.0,1.0,House,16229000.0
Malir,988,9.0,9.0,House,60030000.0
Korangi,910,11.0,11.0,House,42768000.0
Federal B Area,472,4.0,4.0,House,55902000.0
Malir,290,4.0,,Flat,18541000.0
Clifton,991,9.0,8.0,House,260652000.0
North Nazimabad,956,9.0,9.0,House,111671000.0
Bahria Town,668,,7.0,House,67913000.0
Korangi,151,1.0,1.0,Flat,11331000.0
Malir,270,,3.0,House,22208000.0
North Nazimabad,837,9.0,8.0,House,104282000.0
North Nazimabad,501,5.0,4.0,House,70235000.0
Bahria Town,985,11.0,10.0,House,94468000.0
DHA,906,10.0,9.0,Flat,194955000.0
DHA,366,4.0,4.0,Flat,100689000.0
Korangi,462,4.0,4.0,House,26717000.0
DHA,976,11.0,11.0,House,295876000.0
Clifton,407,5.0,5.0,Flat,91228000.0
Korangi,308,,2.0,Flat,13850000.0
Federal B Area,966,9.0,8.0,Penthouse,149992000.0
Federal B Area,577,5.0,4.0,Flat,48321000.0
North Nazimabad,250,4.0,4.0,House,45283000.0
Gulshan-e-Iqbal,558,5.0,5.0,Flat,60644000.0
Malir,496,6.0,5.0,Flat,23816000.0
Malir,983,11.0,,Flat,41890000.0
Bahria Town,311,3.0,2.0,House,42749000.0
North Nazimabad,932,11.0,10.0,House,114928000.0
Clifton,693,8.0,8.0,House,204362000.0
DHA,228,4.0,3.0,Flat,75382000.0
Bahria Town,950,11.0,10.0,House,92043000.0
Clifton,629,8.0,8.0,Flat,123760000.0
Gulshan-e-Iqbal,805,9.0,9.0,House,119193000.0
Federal B Area,184,3.0,2.0,Penthouse,49191000.0
Clifton,331,5.0,4.0,House,115102000.0
Clifton,895,8.0,8.0,Penthouse,361301000.0
Federal B Area,799,,9.0,House,87411000.0
Federal B Area,667,8.0,7.0,House,77639000.0
North Nazimabad,616,7.0,,Flat,57490000.0
North Nazimabad,274,3.0,3.0,House,48850000.0
Korangi,242,3.0,3.0,House,18188000.0
Korangi,513,7.0,6.0,House,27626000.0
Korangi,447,5.0,5.0,House,25220000.0
DHA,931,9.0,8.0,House,279707000.0
Malir,560,6.0,5.0,House,38348000.0
Korangi,381,3.0,3.0,House,22654000.0
Clifton,980,11.0,11.0,Flat,181125000.0
Clifton,740,9.0,8.0,House,207211000.0
Federal B Area,631,6.0,5.0,Flat,50268000.0
North Nazimabad,271,2.0,1.0,House,45180000.0
Korangi,628,8.0,7.0,Flat,24033000.0
Gulshan-e-Iqbal,923,11.0,10.0,Flat,96086000.0
Federal B Area,524,6.0,6.0,House,64333000.0
Clifton,775,9.0,8.0,House,208634000.0
Gulshan-e-Iqbal,936,9.0,9.0,House,136286000.0
DHA,270,3.0,2.0,Flat,88857000.0
Korangi,288,2.0,2.0,House,19129000.0
North Nazimabad,736,8.0,8.0,House,94440000.0
North Nazimabad,853,8.0,8.0,Flat,71904000.0
Bahria Town,348,3.0,3.0,House,43240000.0
Bahria Town,139,2.0,2.0,House,26624000.0
Gulshan-e-Iqbal,469,5.0,5.0,Flat,60321000.0
Clifton,467,4.0,4.0,House,155496000.0
Korangi,478,6.0,6.0,Flat,19263000.0
Gulshan-e-Iqbal,498,6.0,5.0,Flat,58953000.0
Gulshan-e-Iqbal,951,9.0,9.0,House,137544000.0
Bahria Town,129,1.0,1.0,Flat,17421000.0
Malir,959,11.0,11.0,House,57166000.0
Federal B Area,266,2.0,1.0,House,41151000.0
Malir,215,4.0,4.0,House,20212000.0
Korangi,636,6.0,6.0,House,31635000.0
Malir,537,6.0,5.0,House,36187000.0
North Nazimabad,812,9.0,9.0,Flat,69207000.0
Malir,981,,10.0,House,56934000.0
Gulshan-e-Iqbal,172,2.0,,House,45175000.0
Federal B Area,536,5.0,4.0,House,66798000.0
Federal B Area,455,4.0,4.0,House,58780000.0
Malir,583,6.0,,Flat,27699000.0
Gulshan-e-Iqbal,229,4.0,3.0,House,50713000.0
Gulshan-e-Iqbal,155,3.0,2.0,Flat,32017000.0
DHA,330,5.0,4.0,House,126034000.0
Malir,360,4.0,4.0,House,28572000.0
Korangi,104,2.0,1.0,House,12683000.0
Korangi,104,2.0,2.0,Flat,8998000.0
Clifton,857,9.0,8.0,House,231859000.0
Clifton,133,3.0,3.0,House,71977000.0
Bahria Town,609,7.0,7.0,Flat,45060000.0
Korangi,318,4.0,3.0,House,21258000.0
Gulshan-e-Iqbal,837,,10.0,House,121105000.0
Korangi,782,,9.0,House,39553000.0
Federal B Area,971,9.0,9.0,House,107568000.0
Federal B Area,883,8.0,7.0,Flat,67890000.0
Federal B Area,883,8.0,7.0,House,93896000.0
Malir,150,,1.0,House,16890000.0
North Nazimabad,876,9.0,8.0,House,105523000.0
Clifton,100,1.0,1.0,Flat,41761000.0
North Nazimabad,739,8.0,7.0,House,92228000.0
Clifton,947,10.0,10.0,House,259075000.0
Clifton,732,9.0,8.0,House,200218000.0
Bahria Town,994,10.0,9.0,Flat,64868000.0
Korangi,520,6.0,5.0,House,28915000.0
Korangi,717,,9.0,House,35777000.0
Gulshan-e-Iqbal,379,3.0,3.0,House,72712000.0
North Nazimabad,367,4.0,4.0,House,60359000.0
Clifton,273,3.0,,Flat,75787000.0
Bahria Town,167,,1.0,House,25535000.0
Gulshan-e-Iqbal,406,5.0,4.0,Flat,52765000.0
Gulshan-e-Iqbal,610,,7.0,Penthouse,144584000.0
Bahria Town,410,5.0,5.0,House,47120000.0
Clifton,896,9.0,8.0,House,246146000.0
Gulshan-e-Iqbal,757,7.0,7.0,Flat,82284000.0
Malir,633,8.0,8.0,Flat,29116000.0
North Nazimabad,613,8.0,8.0,Penthouse,123060000.0
Federal B Area,553,5.0,4.0,House,66520000.0
DHA,667,6.0,5.0,Flat,152001000.0
Korangi,139,2.0,2.0,Flat,9322000.0
Gulshan-e-Iqbal,487,4.0,3.0,House,89175000.0
Korangi,603,6.0,5.0,House,32018000.0
Korangi,359,3.0,2.0,House,22933000.0
Clifton,207,3.0,2.0,House,81060000.0
Malir,115,1.0,1.0,Flat,9910000.0
Malir,274,4.0,3.0,Flat,17202000.0
Federal B Area,778,9.0,8.0,House,87618000.0
Malir,789,7.0,7.0,Flat,34996000.0
North Nazimabad,790,,7.0,House,99405000.0
Gulshan-e-Iqbal,689,6.0,6.0,Flat,74954000.0
Korangi,695,8.0,8.0,House,34992000.0
Bahria Town,864,10.0,9.0,House,82526000.0
Korangi,879,9.0,9.0,House,43647000.0
Malir,916,11.0,11.0,House,58566000.0
DHA,803,10.0,9.0,House,246772000.0
DHA,974,10.0,10.0,House,292581000.0
DHA,785,7.0,6.0,House,252280000.0
Bahria Town,267,4.0,4.0,House,38073000.0
Gulshan-e-Iqbal,291,4.0,3.0,Penthouse,93764000.0
Bahria Town,764,9.0,9.0,Flat,54145000.0
DHA,165,1.0,1.0,House,90847000.0
Federal B Area,279,3.0,2.0,House,39597000.0
Clifton,998,11.0,10.0,House,269608000.0
Gulshan-e-Iqbal,286,,,House,65120000.0
Clifton,121,,1.0,House,80489000.0
Clifton,299,2.0,2.0,Flat,77485000.0
Bahria Town,131,3.0,3.0,House,24277000.0
DHA,987,10.0,9.0,House,303581000.0
Bahria Town,642,6.0,6.0,Flat,46059000.0
DHA,195,2.0,1.0,House,97972000.0
DHA,86,1.0,1.0,House,60219000.0
Korangi,577,7.0,7.0,House,30137000.0
DHA,133,2.0,1.0,House,79219000.0
Gulshan-e-Iqbal,352,5.0,4.0,House,67082000.0
Gulshan-e-Iqbal,172,1.0,1.0,House,45299000.0
Bahria Town,638,,5.0,House,67631000.0
Clifton,501,7.0,,House,144983000.0
DHA,248,3.0,2.0,House,106032000.0
Federal B Area,460,5.0,4.0,Flat,40523000.0
Bahria Town,581,6.0,5.0,House,60725000.0
Malir,257,2.0,1.0,Flat,16144000.0
Clifton,835,10.0,10.0,House,233321000.0
Malir,456,6.0,6.0,Flat,21856000.0
Korangi,339,3.0,3.0,House,20918000.0
Malir,118,2.0,2.0,Flat,10127000.0
Gulshan-e-Iqbal,301,4.0,3.0,House,61150000.0
Korangi,332,5.0,4.0,Flat,15140000.0
DHA,112,2.0,2.0,Flat,45737000.0
Malir,234,4.0,4.0,House,22541000.0
Malir,196,3.0,2.0,Flat,13611000.0
North Nazimabad,251,4.0,,House,45363000.0
North Nazimabad,265,2.0,1.0,House,45321000.0
Clifton,602,6.0,5.0,Flat,125234000.0
Malir,529,7.0,6.0,House,37658000.0
Korangi,264,4.0,4.0,House,18471000.0
Clifton,508,6.0,5.0,Flat,110114000.0
North Nazimabad,633,8.0,,House,84882000.0
Korangi,202,4.0,4.0,House,15673000.0
Gulshan-e-Iqbal,108,3.0,2.0,House,36614000.0
Bahria Town,146,3.0,2.0,House,26476000.0
Gulshan-e-Iqbal,770,7.0,6.0,House,121639000.0
North Nazimabad,406,6.0,6.0,House,64395000.0
DHA,869,8.0,7.0,Flat,194438000.0
Malir,791,7.0,7.0,Flat,35102000.0
DHA,544,6.0,6.0,House,189226000.0
Korangi,250,,3.0,Flat,13017000.0
DHA,609,8.0,8.0,House,207101000.0
Federal B Area,234,4.0,4.0,House,36891000.0
Gulshan-e-Iqbal,811,9.0,8.0,Penthouse,179690000.0
Federal B Area,597,7.0,6.0,House,70803000.0
North Nazimabad,616,7.0,6.0,House,81876000.0
North Nazimabad,449,6.0,6.0,Flat,44691000.0
North Nazimabad,193,,3.0,House,42233000.0
Clifton,829,9.0,8.0,Flat,163168000.0
Federal B Area,312,4.0,4.0,House,48539000.0
Bahria Town,929,11.0,10.0,House,90437000.0
Bahria Town,368,3.0,2.0,House,45092000.0
Clifton,690,7.0,7.0,House,198939000.0
Federal B Area,373,4.0,3.0,House,52475000.0
Federal B Area,498,4.0,3.0,House,58332000.0
Korangi,293,4.0,4.0,House,20814000.0
Malir,668,8.0,7.0,House,42231000.0
DHA,996,9.0,8.0,House,311850000.0
Bahria Town,382,5.0,4.0,House,43523000.0
Federal B Area,419,4.0,4.0,House,53834000.0
North Nazimabad,169,1.0,,House,39353000.0
Gulshan-e-Iqbal,180,2.0,1.0,House,44279000.0
Bahria Town,328,3.0,2.0,House,42092000.0
Bahria Town,733,9.0,,Flat,50843000.0
Gulshan-e-Iqbal,972,9.0,9.0,Flat,99346000.0
Gulshan-e-Iqbal,232,3.0,3.0,Flat,38626000.0
Bahria Town,104,2.0,2.0,House,23597000.0
Clifton,994,11.0,10.0,House,261954000.0
North Nazimabad,124,2.0,2.0,House,31593000.0
Federal B Area,952,10.0,9.0,House,103808000.0
North Nazimabad,408,6.0,6.0,House,58213000.0
Federal B Area,600,6.0,5.0,House,69997000.0
DHA,899,8.0,8.0,Flat,188719000.0
Korangi,737,8.0,8.0,Flat,26270000.0
Korangi,696,8.0,7.0,House,35900000.0
Federal B Area,600,6.0,5.0,Flat,49905000.0
DHA,387,5.0,4.0,Flat,97955000.0
Gulshan-e-Iqbal,870,8.0,8.0,House,132432000.0
Clifton,258,2.0,2.0,House,103923000.0
Korangi,513,5.0,4.0,Penthouse,42298000.0
Clifton,950,10.0,10.0,House,253305000.0
Clifton,178,1.0,1.0,House,92700000.0
Gulshan-e-Iqbal,546,6.0,6.0,Flat,61705000.0
Federal B Area,295,4.0,4.0,Flat,31795000.0
DHA,546,6.0,5.0,House,189169000.0
Bahria Town,384,5.0,4.0,House,45685000.0
Federal B Area,579,7.0,6.0,House,68798000.0
North Nazimabad,86,1.0,1.0,Flat,20591000.0
Korangi,213,2.0,1.0,House,16961000.0
DHA,765,9.0,8.0,House,242052000.0
Bahria Town,154,2.0,2.0,House,30639000.0
Clifton,767,8.0,8.0,Flat,153375000.0
Gulshan-e-Iqbal,191,2.0,2.0,Flat,31343000.0
North Nazimabad,976,10.0,9.0,Flat,81256000.0
Bahria Town,837,8.0,,Flat,57559000.0
DHA,810,10.0,10.0,Flat,176535000.0
Clifton,964,9.0,8.0,House,256890000.0
North Nazimabad,778,7.0,6.0,Flat,67256000.0
Gulshan-e-Iqbal,766,8.0,,Flat,85860000.0
Korangi,447,4.0,3.0,Flat,17568000.0
Korangi,929,10.0,9.0,Flat,32400000.0
Korangi,158,3.0,2.0,Flat,10065000.0
Malir,638,6.0,,House,42087000.0
Federal B Area,431,5.0,4.0,House,56631000.0
Malir,968,9.0,8.0,House,58531000.0
Korangi,556,7.0,6.0,House,29703000.0
North Nazimabad,680,7.0,7.0,House,87742000.0
North Nazimabad,836,10.0,10.0,House,104463000.0
Korangi,209,2.0,2.0,House,17063000.0
Malir,672,8.0,8.0,House,43597000.0
DHA,788,8.0,8.0,House,247105000.0
Bahria Town,691,7.0,7.0,Flat,47291000.0
Bahria Town,957,9.0,,Flat,64205000.0
Korangi,176,1.0,1.0,House,14212000.0
Bahria Town,623,6.0,5.0,House,66501000.0
Korangi,307,3.0,3.0,House,20890000.0
Malir,192,1.0,1.0,Flat,13150000.0
Clifton,158,,1.0,House,82929000.0
Gulshan-e-Iqbal,914,11.0,10.0,House,137483000.0
Korangi,375,4.0,4.0,Flat,16609000.0
Bahria Town,876,8.0,7.0,House,84015000.0
Bahria Town,510,7.0,6.0,House,53668000.0
Federal B Area,490,5.0,4.0,House,61169000.0
DHA,448,6.0,5.0,House,163177000.0
Malir,613,8.0,7.0,Flat,27527000.0
Bahria Town,504,6.0,5.0,Flat,40011000.0
Clifton,352,4.0,3.0,Flat,86128000.0
Korangi,189,3.0,3.0,House,15746000.0
Clifton,882,9.0,9.0,House,241041000.0
North Nazimabad,556,7.0,7.0,House,79020000.0
Clifton,927,9.0,8.0,Flat,173727000.0
Bahria Town,352,5.0,4.0,House,42201000.0
Gulshan-e-Iqbal,285,3.0,2.0,House,56973000.0
Bahria Town,81,1.0,1.0,Flat,14498000.0
Federal B Area,952,9.0,8.0,House,102064000.0
Clifton,277,2.0,2.0,Penthouse,154634000.0
North Nazimabad,470,6.0,5.0,Penthouse,102493000.0
DHA,627,6.0,6.0,House,204762000.0
Korangi,969,,8.0,Penthouse,68719000.0
Korangi,799,9.0,9.0,House,39424000.0
Clifton,688,6.0,6.0,Flat,141143000.0
Bahria Town,393,5.0,5.0,House,48213000.0
Malir,259,3.0,3.0,Flat,16402000.0
Clifton,305,3.0,3.0,House,114411000.0
Korangi,761,9.0,8.0,Flat,27954000.0
Federal B Area,632,6.0,5.0,House,77771000.0
Clifton,521,6.0,6.0,House,160347000.0
Korangi,92,,1.0,Flat,8902000.0
DHA,794,8.0,8.0,Flat,170075000.0
Bahria Town,196,2.0,1.0,House,29594000.0
Federal B Area,308,3.0,2.0,House,45368000.0
Gulshan-e-Iqbal,397,3.0,3.0,House,71296000.0
Malir,247,3.0,3.0,House,23419000.0
Clifton,774,7.0,6.0,Flat,149359000.0
Gulshan-e-Iqbal,180,1.0,1.0,House,46049000.0
Malir,512,7.0,7.0,House,38278000.0
North Nazimabad,158,3.0,,House,35929000.0
Korangi,610,7.0,6.0,House,32379000.0
DHA,417,4.0,4.0,House,149882000.0
Clifton,866,8.0,7.0,House,242330000.0
Bahria Town,128,3.0,2.0,House,25837000.0
Gulshan-e-Iqbal,947,10.0,9.0,Flat,97327000.0
North Nazimabad,901,10.0,10.0,House,111243000.0
Clifton,197,1.0,1.0,House,85845000.0
Federal B Area,227,4.0,4.0,House,41922000.0
Clifton,169,1.0,1.0,House,80376000.0
Bahria Town,515,5.0,4.0,Penthouse,89980000.0
Malir,699,6.0,6.0,Flat,32130000.0
Malir,689,7.0,7.0,House,44391000.0
Gulshan-e-Iqbal,657,6.0,6.0,House,103764000.0
Federal B Area,459,5.0,4.0,Flat,41388000.0
Malir,978,10.0,9.0,House,60808000.0
Gulshan-e-Iqbal,588,6.0,5.0,House,95379000.0
Gulshan-e-Iqbal,357,5.0,4.0,Flat,44748000.0
Malir,163,3.0,3.0,House,19176000.0
Federal B Area,726,9.0,8.0,Flat,57924000.0
North Nazimabad,372,3.0,3.0,House,57919000.0
Malir,608,6.0,6.0,Flat,29447000.0
Clifton,551,5.0,5.0,House,166767000.0
Korangi,93,2.0,1.0,House,10962000.0
Clifton,713,,7.0,Flat,143209000.0
Korangi,962,10.0,10.0,Flat,32147000.0
North Nazimabad,293,2.0,,House,49244000.0
Bahria Town,721,8.0,7.0,House,73228000.0
Bahria Town,526,5.0,5.0,House,56141000.0
Clifton,599,6.0,6.0,Flat,121577000.0
Federal B Area,883,8.0,7.0,House,96719000.0
Malir,831,8.0,7.0,House,49861000.0
Korangi,99,2.0,2.0,House,11583000.0
Clifton,501,6.0,5.0,Flat,109138000.0
Malir,457,5.0,5.0,Flat,23095000.0
Malir,999,9.0,8.0,House,61131000.0
DHA,461,6.0,5.0,House,159253000.0
Clifton,811,9.0,9.0,Flat,154142000.0
Federal B Area,825,9.0,9.0,House,91152000.0
Clifton,136,2.0,2.0,House,80219000.0
Clifton,675,8.0,8.0,House,192543000.0
Malir,481,4.0,3.0,House,32815000.0
Clifton,422,4.0,4.0,Flat,92953000.0
Clifton,243,2.0,1.0,Flat,63168000.0
Clifton,820,9.0,,House,226035000.0
Bahria Town,389,4.0,4.0,House,44695000.0
Clifton,493,5.0,5.0,House,152566000.0
Bahria Town,169,3.0,,Flat,18961000.0
Gulshan-e-Iqbal,747,8.0,8.0,Flat,80312000.0
Gulshan-e-Iqbal,337,5.0,4.0,Flat,45082000.0
DHA,623,8.0,8.0,House,210470000.0
Bahria Town,409,,4.0,Flat,32380000.0
Federal B Area,718,9.0,8.0,House,84305000.0
Bahria Town,334,4.0,4.0,House,40154000.0
Gulshan-e-Iqbal,105,1.0,1.0,Penthouse,57824000.0
North Nazimabad,575,7.0,6.0,House,76759000.0
Bahria Town,223,3.0,3.0,Penthouse,45652000.0
Federal B Area,415,5.0,5.0,House,54294000.0
DHA,811,8.0,7.0,House,257722000.0
Gulshan-e-Iqbal,773,8.0,7.0,House,115487000.0
Korangi,697,6.0,5.0,Flat,25279000.0
Bahria Town,121,3.0,2.0,Flat,19307000.0
North Nazimabad,847,10.0,9.0,House,102551000.0
Korangi,757,8.0,8.0,House,37590000.0
Malir,83,2.0,1.0,House,12527000.0
Gulshan-e-Iqbal,360,3.0,3.0,Flat,45217000.0
North Nazimabad,737,9.0,9.0,House,92652000.0
DHA,305,3.0,3.0,House,123309000.0
Korangi,107,2.0,1.0,House,13415000.0
North Nazimabad,945,,10.0,House,111957000.0
Bahria Town,935,11.0,10.0,Flat,62757000.0
Korangi,169,2.0,1.0,Flat,11275000.0
DHA,915,11.0,11.0,House,283750000.0
Federal B Area,823,10.0,10.0,Penthouse,137344000.0
Bahria Town,890,9.0,9.0,Flat,60443000.0
Gulshan-e-Iqbal,553,7.0,7.0,House,94705000.0
Federal B Area,557,6.0,5.0,Flat,48156000.0
DHA,933,9.0,8.0,Flat,194947000.0
Gulshan-e-Iqbal,494,5.0,5.0,House,83833000.0
Gulshan-e-Iqbal,286,2.0,2.0,House,57959000.0
North Nazimabad,412,6.0,5.0,Flat,44144000.0
Malir,141,3.0,3.0,House,18880000.0
DHA,507,5.0,4.0,House,177310000.0
Clifton,404,4.0,4.0,House,133799000.0
Clifton,473,,4.0,House,148139000.0
Federal B Area,770,,7.0,Flat,59767000.0
Malir,804,8.0,8.0,House,50261000.0
Clifton,776,8.0,8.0,House,214141000.0
Gulshan-e-Iqbal,385,3.0,3.0,Flat,47607000.0
DHA,525,6.0,5.0,House,187670000.0
Malir,904,9.0,9.0,House,52774000.0
North Nazimabad,171,2.0,2.0,Penthouse,46627000.0
Federal B Area,868,9.0,9.0,House,97148000.0
North Nazimabad,98,,1.0,House,30021000.0
Korangi,316,,4.0,House,20139000.0
Gulshan-e-Iqbal,763,9.0,8.0,Flat,81143000.0
Bahria Town,452,4.0,4.0,Flat,35247000.0
DHA,588,5.0,5.0,House,197227000.0
Korangi,653,8.0,8.0,House,34567000.0
Clifton,452,5.0,5.0,House,144096000.0
DHA,802,9.0,9.0,Flat,174834000.0
Bahria Town,690,8.0,7.0,Flat,49075000.0
North Nazimabad,155,1.0,1.0,House,35145000.0
DHA,601,7.0,6.0,Penthouse,301607000.0
Bahria Town,811,9.0,9.0,House,83174000.0
North Nazimabad,161,2.0,1.0,House,36568000.0
Clifton,587,6.0,6.0,House,178799000.0
Bahria Town,792,7.0,6.0,House,79499000.0
Bahria Town,797,8.0,8.0,House,78322000.0
Gulshan-e-Iqbal,972,9.0,9.0,House,137706000.0
North Nazimabad,699,7.0,6.0,House,87458000.0
Gulshan-e-Iqbal,950,,9.0,Penthouse,203547000.0
Gulshan-e-Iqbal,406,5.0,5.0,Flat,47888000.0
Korangi,359,3.0,2.0,House,22933000.0
Bahria Town,325,5.0,5.0,House,41077000.0
Bahria Town,640,6.0,6.0,Penthouse,97362000.0
Federal B Area,123,1.0,1.0,Flat,19441000.0
North Nazimabad,724,9.0,8.0,House,94112000.0
Clifton,857,8.0,7.0,House,239194000.0
Federal B Area,132,2.0,2.0,Flat,22441000.0
Korangi,120,3.0,3.0,Flat,9482000.0
Malir,496,6.0,5.0,Flat,23816000.0
Korangi,498,5.0,5.0,House,28691000.0
Korangi,407,5.0,5.0,Flat,15778000.0
Federal B Area,179,1.0,1.0,Flat,24485000.0
DHA,193,1.0,1.0,House,98209000.0
North Nazimabad,274,3.0,3.0,House,48850000.0
North Nazimabad,196,2.0,1.0,House,41464000.0
North Nazimabad,321,3.0,3.0,House,52379000.0
Gulshan-e-Iqbal,731,7.0,7.0,Flat,77135000.0
North Nazimabad,415,5.0,4.0,Flat,44078000.0
North Nazimabad,756,9.0,9.0,Flat,67167000.0
North Nazimabad,155,1.0,1.0,House,35145000.0
Federal B Area,459,5.0,4.0,Flat,41388000.0
Malir,801,10.0,10.0,Penthouse,74296000.0
Clifton,169,1.0,1.0,House,80376000.0
North Nazimabad,993,10.0,10.0,Flat,83755000.0
North Nazimabad,228,2.0,2.0,House,42350000.0
DHA,508,,4.0,Flat,122746000.0
Clifton,840,9.0,9.0,Flat,155076000.0
Federal B Area,373,4.0,3.0,House,52475000.0
Malir,759,8.0,7.0,House,49313000.0
North Nazimabad,144,1.0,1.0,House,34572000.0
Federal B Area,262,2.0,1.0,House,40208000.0
Korangi,879,9.0,9.0,House,43647000.0
Malir,399,4.0,3.0,Penthouse,44864000.0
Malir,150,,1.0,House,16890000.0
Federal B Area,1000,10.0,9.0,Flat,75418000.0
Bahria Town,463,4.0,4.0,House,53866000.0
North Nazimabad,292,2.0,1.0,House,46813000.0
Gulshan-e-Iqbal,423,6.0,5.0,House,75406000.0
Bahria Town,146,3.0,2.0,House,26476000.0
Bahria Town,510,7.0,6.0,House,53668000.0
Bahria Town,172,2.0,2.0,House,31010000.0
Federal B Area,916,10.0,,House,101793000.0
Korangi,185,1.0,1.0,House,14918000.0
Federal B Area,841,10.0,10.0,Flat,66660000.0
Korangi,323,3.0,2.0,Flat,14318000.0
Korangi,578,7.0,7.0,House,29302000.0
Malir,804,8.0,7.0,Flat,35793000.0
Bahria Town,638,,5.0,House,67631000.0
Bahria Town,391,3.0,3.0,House,43846000.0
Korangi,929,10.0,9.0,Flat,32400000.0
